<?xml version="1.0" encoding="windows-1252" ?>
<!DOCTYPE struts-config PUBLIC "-//Apache Software Foundation//DTD Struts Configuration 1.1//EN" "http://jakarta.apache.org/struts/dtds/struts-config_1_1.dtd">
<struts-config>
    <!-- ========== Data Source Configuration =============================== -->
    <data-sources />

    <!-- ========== Form Bean Definitions ================================== -->
    <form-beans>   
        <form-bean name="figm001" type="com.rclgroup.dolphin.web.igm.actionform.ImportGeneralManifestUim"></form-bean>
    </form-beans>
    
    <!-- ========== Global Exception Definitions ============================== -->
    <global-exceptions>
        <!--   <exception
            handler="org.apache.struts.action.ExceptionHandler"
            key="global.error.invalidlogin"
            path="/login.jsp"
            scope="request"
            type="com.oreilly.struts.framework.exceptions.InvalidLoginException" />-->
    </global-exceptions>

    <!-- ========== Global Forward Definitions =============================== -->
    <global-forwards>
        <forward name="failure" path="/pages/common/error/error.jsp" redirect="false" contextRelative="false" />
        <forward name="SYSTEM_ERROR" path="/pages/common/error/error.jsp" redirect="false" contextRelative="false" />
    </global-forwards>
    
     <!-- ========== Action Mapping Definitions =============================== -->
    <action-mappings>
    
        <!--EZL Entries Start -->
        <action path="/sigm001"
                 type="com.rclgroup.dolphin.web.igm.action.ImportGeneralManifestSvc" parameter="onload"
                 name="figm001" validate="false" scope="request">
                <forward name="success" path="rcl.ezl.sigm001.page"></forward>
                <forward name="failure" path="rcl.ezl.sigm001.page"></forward>
        </action> 
        
        <action path="/sigm001search"
                 type="com.rclgroup.dolphin.web.igm.action.ImportGeneralManifestSvc" parameter="igmsearch"
                 name="figm001" validate="false" scope="request">
                <forward name="success" path="rcl.ezl.sigm001.page"></forward>
                <forward name="failure" path="rcl.ezl.sigm001.page"></forward>
        </action>
        
        <action path="/sigm001save"
                 type="com.rclgroup.dolphin.web.igm.action.ImportGeneralManifestSvc" parameter="igmsave"
                 name="figm001" validate="false" scope="request">
                <forward name="success" path="rcl.ezl.sigm001.page"></forward>
                <forward name="failure" path="rcl.ezl.sigm001.page"></forward>
        </action> 
        
        <action path="/sigm001savefile"
                 type="com.rclgroup.dolphin.web.igm.action.ImportGeneralManifestSvc" parameter="igmsavefile"
                 name="figm001" validate="false" scope="request">
                <forward name="success" path="rcl.ezl.sigm001.page"></forward>
                <forward name="failure" path="rcl.ezl.sigm001.page"></forward>
        </action>
        
        <action path="/sigm001refresh"
                 type="com.rclgroup.dolphin.web.igm.action.ImportGeneralManifestSvc" parameter="igmrefresh"
                 name="figm001" validate="false" scope="request">
                <forward name="success" path="rcl.ezl.sigm001.page"></forward>
                <forward name="failure" path="rcl.ezl.sigm001.page"></forward>
        </action>
      
       <action  path="/sigm001excelfile" 
        		type="com.rclgroup.dolphin.web.igm.action.ImportGeneralManifestSvc" parameter="igmexcelupload"
        		name="figm001"  validate="false" scope="request" >
            <forward name="success" path="/pages/ell/ImportGeneralManifestMergeFiles.jsp" />
        </action>
       
        <action  path="/sigm001uploadfile" 
        		type="com.rclgroup.dolphin.web.igm.action.ImportGeneralManifestSvc" parameter="upload"
        		name="figm001"  validate="false" scope="request" >
            <forward name="success" path="/pages/ell/ImportGeneralManifestMergeFiles.jsp" />
        </action>
        
        <action  path="/sigm001edifilegenerate" 
        		type="com.rclgroup.dolphin.web.igm.action.ImportGeneralManifestSvc" parameter="edifilegenerate"
        		name="figm001"  validate="false" scope="request" >
            <forward name="success" path="/pages/ell/ImportGeneralManifestMergeFiles.jsp" />
        </action>
              
    </action-mappings>
    
    <!-- ========== Controller Configuration ================================ -->
    <controller bufferSize="4096" contentType="text/html;charset=UTF-8" debug="1" locale="true" maxFileSize="250M" multipartClass="org.apache.struts.upload.CommonsMultipartRequestHandler" nocache="true" processorClass="org.apache.struts.action.RequestProcessor" inputForward="false" />

    <!-- ========== Message Resources Definitions ============================ -->
    <message-resources parameter="com.rclgroup.dolphin.ezl.resource.ApplicationResources"/>
    
    <!-- ========== Plug Ins Configuration ================================= -->
    <plug-in className="org.apache.struts.tiles.TilesPlugin">
        <set-property property="definitions-config" value="/WEB-INF/tiles-defs.xml" />
    </plug-in>
    
</struts-config>
