<!DOCTYPE tiles-definitions PUBLIC
       "-//Apache Software Foundation//DTD Tiles Configuration//EN"
       "http://jakarta.apache.org/struts/dtds/tiles-config_1_1.dtd">

<tiles-definitions>


    <definition name="rcl.mainlayout" path="/pages/common/layout/rcllayout.jsp">
            <put name="header" value="/pages/common/tiles/header.jsp" />
            <put name="progId" value="Default Program ID..Please Override" />
            <put name="formId" value="Default form bean ID..Please Override" />
            <put name="title" value="Default Tile..Please Override" />
            <put name="screenHeading" value="Default Screen heading..Please Override" />
            <put name="screenVersion" value="Default Screen Version..Please Override" />
            <put name="body" value="/pages/common/tiles/body.jsp" />
            <put name="footer" value="/pages/common/tiles/footer.jsp" />
    </definition>

   <definition name="rcl.childlayout" path="/pages/common/layout/rclchild.jsp">
            <put name="header" value="/pages/common/tiles/headerchild.jsp" />
            <put name="progId" value="Default Program ID..Please Override" />
            <put name="formId" value="Default form bean ID..Please Override" />
            <put name="title" value="Default Tile..Please Override" />
            <put name="screenHeading" value="Default Screen heading..Please Override" />
            <put name="screenVersion" value="Default Screen Version..Please Override" />
            <put name="body" value="/pages/common/tiles/body.jsp" />
            <put name="footer" value="/pages/common/tiles/footerchild.jsp" />
    </definition>
    <definition name="rcl.publiclayout" path="/pages/common/layout/rclpubliclayout.jsp">
            <put name="header" value="/pages/common/tiles/headerchild.jsp" />
            <put name="progId" value="Default Program ID..Please Override" />
            <put name="formId" value="Default form bean ID..Please Override" />
            <put name="title" value="Default Tile..Please Override" />
            <put name="screenHeading" value="Default Screen heading..Please Override" />
            <put name="screenVersion" value="Default Screen Version..Please Override" />
            <put name="body" value="/pages/common/tiles/body.jsp" />
            <put name="footer" value="/pages/common/tiles/footerchild.jsp" />
    </definition>

    <definition name="rcl.home.page" path="/pages/Welcome.jsp" >
    </definition>

      <definition name="rcl.ezl.sigm001.page" path="/pages/igm/ImportGeneralManifest.jsp" >
            <put name="progId" value="SIGM001" />
            <put name="formId" value="figm001" />
            <put name="title" value="Import General Manifest(IGM)" />
            <put name="screenHeading" value="Import General Manifest(IGM)" />
            <put name="screenVersion" value="JBoss 1.2" />
            <put name="body" value="/pages/igm/ImportGeneralManifest.jsp" /> 
     </definition>

</tiles-definitions>
